{"branches": 30.603448275862068, "coverage": 46.80460137402141}