{"branches": 30.603448275862068, "coverage": 46.87950072011522}